Epoch,Train_Acc,Train_Loss,Test_Acc,Test_Loss,Test_ROC_AUC,LR
1,0.7861004291367107,0.5521440342428267,0.80403774412991,0.4669041109433006,0.8966772732125534,0.001
2,0.881290754054506,0.37543817908144816,0.8272986614000439,0.3778113450316293,0.9218678196933618,0.0009000000000000001
3,0.9016886808226049,0.29448352188813687,0.8354180381830152,0.34028859138619566,0.9309253534354842,0.0008100000000000001
4,0.9144513180627543,0.24937597405553058,0.8345402677199912,0.32505516868778717,0.9357946167331219,0.0007290000000000002
5,0.9260435824555537,0.21947251298399278,0.8455123985077903,0.3140621243565065,0.9387794967963743,0.0006561000000000001
6,0.9341247283063033,0.19798762592485117,0.8466096115865701,0.3086368125434805,0.9404021977443877,0.00059049
7,0.9434877110851029,0.1815128849115166,0.8531928900592495,0.30942135943324256,0.9414195287320575,0.000531441
8,0.9475004179903026,0.16822987849521165,0.8488040377441299,0.30509857792235195,0.9420927852278898,0.0004782969000000001
9,0.9522933734604024,0.15712311691908457,0.8529734474434936,0.3045200704214148,0.9428559768775753,0.0004304672100000001
10,0.9564732764866521,0.14803134471482007,0.8619705946894887,0.30668403345542566,0.9432172647644511,0.0003874204890000001
11,0.959538538705902,0.13935796326351346,0.8659205617730963,0.3099834205064042,0.9435831944657195,0.0003486784401000001
12,0.9626038009251519,0.13310906737843517,0.8661400043888523,0.308104115935598,0.9434814613669524,0.0003138105960900001
13,0.9653346709023017,0.12720000153898575,0.8672372174676322,0.30869113090812883,0.9436035024036862,0.0002824295364810001
14,0.9677868806777016,0.12179616926931282,0.8661400043888523,0.30883397239064997,0.9434754656900288,0.0002541865828329001
15,0.9685113972022515,0.11764606579499573,0.8667983322361202,0.31094375420267745,0.9434379443570236,0.0002287679245496101
16,0.9699604302513515,0.11311623567328806,0.8639455782312925,0.31078128240445035,0.9433116483237635,0.0002058911320946491
17,0.9724683720671013,0.10975306295865403,0.8678955453149002,0.3135674908375137,0.9432921140215286,0.00018530201888518417
18,0.9735830128741013,0.1076185258107162,0.8663594470046083,0.31358673606599874,0.9431646575346706,0.00016677181699666576
19,0.9735830128741013,0.10467931313644396,0.8657011191573404,0.31419943691968477,0.9431950227371542,0.00015009463529699917
20,0.9750320459232013,0.10251791269822025,0.8670177748518763,0.3157473767373438,0.9432025656855418,0.0001350851717672993
21,0.9751435100039012,0.10001114697341389,0.8659205617730963,0.317084488501262,0.9432437617882745,0.00012157665459056935
22,0.9758680265284512,0.09832743879440656,0.8635066929997806,0.3159979522252229,0.9431909611495608,0.00010941898913151242
